{
	"info": {
		"_postman_id": "fb10f345-76c6-44b5-b811-56be638262ba",
		"name": "controle_pessoas",
		"schema": "https://schema.getpostman.com/json/collection/v2.1.0/collection.json"
	},
	"item": [
		{
			"name": "todos os dados",
			"request": {
				"method": "GET",
				"header": [],
				"body": {
					"mode": "raw",
					"raw": ""
				},
				"url": {
					"raw": "http://localhost:5000/pessoas/ver_tudo/",
					"protocol": "http",
					"host": [
						"localhost"
					],
					"port": "5000",
					"path": [
						"pessoas",
						"ver_tudo",
						""
					]
				}
			},
			"response": []
		},
		{
			"name": "professor por id v1",
			"request": {
				"method": "GET",
				"header": [],
				"body": {
					"mode": "raw",
					"raw": ""
				},
				"url": {
					"raw": "http://localhost:5000/nao_encapsulada/professor/1",
					"protocol": "http",
					"host": [
						"localhost"
					],
					"port": "5000",
					"path": [
						"nao_encapsulada",
						"professor",
						"1"
					]
				}
			},
			"response": []
		},
		{
			"name": "professor por id v2",
			"request": {
				"method": "GET",
				"header": [],
				"body": {
					"mode": "raw",
					"raw": ""
				},
				"url": {
					"raw": "http://localhost:5000/professor/1",
					"protocol": "http",
					"host": [
						"localhost"
					],
					"port": "5000",
					"path": [
						"professor",
						"1"
					]
				}
			},
			"response": []
		},
		{
			"name": "professor por id - inexistente",
			"request": {
				"method": "GET",
				"header": [],
				"body": {
					"mode": "raw",
					"raw": ""
				},
				"url": {
					"raw": "http://localhost:5000/professor/500",
					"protocol": "http",
					"host": [
						"localhost"
					],
					"port": "5000",
					"path": [
						"professor",
						"500"
					]
				}
			},
			"response": []
		},
		{
			"name": "create professor",
			"request": {
				"method": "POST",
				"header": [
					{
						"key": "Content-Type",
						"value": "application/json"
					}
				],
				"body": {
					"mode": "raw",
					"raw": "{\n\t\"nome\":\"mauricio\"\n}"
				},
				"url": {
					"raw": "http://localhost:5000/professores/",
					"protocol": "http",
					"host": [
						"localhost"
					],
					"port": "5000",
					"path": [
						"professores",
						""
					]
				}
			},
			"response": []
		},
		{
			"name": "create professor string vazia",
			"request": {
				"method": "POST",
				"header": [
					{
						"key": "Content-Type",
						"value": "application/json"
					}
				],
				"body": {
					"mode": "raw",
					"raw": "{\n\t\"nome\":\"\"\n}"
				},
				"url": {
					"raw": "http://localhost:5000/professores/",
					"protocol": "http",
					"host": [
						"localhost"
					],
					"port": "5000",
					"path": [
						"professores",
						""
					]
				}
			},
			"response": []
		},
		{
			"name": "create professor sem campo nome",
			"request": {
				"method": "POST",
				"header": [
					{
						"key": "Content-Type",
						"value": "application/json"
					}
				],
				"body": {
					"mode": "raw",
					"raw": "{\n}"
				},
				"url": {
					"raw": "http://localhost:5000/professores/",
					"protocol": "http",
					"host": [
						"localhost"
					],
					"port": "5000",
					"path": [
						"professores",
						""
					]
				}
			},
			"response": []
		},
		{
			"name": "aluno por id",
			"request": {
				"method": "GET",
				"header": [],
				"body": {
					"mode": "raw",
					"raw": ""
				},
				"url": {
					"raw": "http://localhost:5000/aluno/2",
					"protocol": "http",
					"host": [
						"localhost"
					],
					"port": "5000",
					"path": [
						"aluno",
						"2"
					]
				}
			},
			"response": []
		},
		{
			"name": "aluno por id - inexistente",
			"request": {
				"method": "GET",
				"header": [],
				"body": {
					"mode": "raw",
					"raw": ""
				},
				"url": {
					"raw": "http://localhost:5000/aluno/500",
					"protocol": "http",
					"host": [
						"localhost"
					],
					"port": "5000",
					"path": [
						"aluno",
						"500"
					]
				}
			},
			"response": []
		},
		{
			"name": "disciplina por id",
			"request": {
				"method": "GET",
				"header": [],
				"body": {
					"mode": "raw",
					"raw": ""
				},
				"url": {
					"raw": "http://localhost:5000/disciplina/2",
					"protocol": "http",
					"host": [
						"localhost"
					],
					"port": "5000",
					"path": [
						"disciplina",
						"2"
					]
				}
			},
			"response": []
		},
		{
			"name": "disciplina por id - inexistente",
			"request": {
				"method": "GET",
				"header": [],
				"body": {
					"mode": "raw",
					"raw": ""
				},
				"url": {
					"raw": "http://localhost:5000/disciplina/500",
					"protocol": "http",
					"host": [
						"localhost"
					],
					"port": "5000",
					"path": [
						"disciplina",
						"500"
					]
				}
			},
			"response": []
		},
		{
			"name": "disciplina por nome",
			"request": {
				"method": "GET",
				"header": [],
				"body": {
					"mode": "raw",
					"raw": ""
				},
				"url": {
					"raw": "http://localhost:5000/disciplina/busca/?busca=matematica",
					"protocol": "http",
					"host": [
						"localhost"
					],
					"port": "5000",
					"path": [
						"disciplina",
						"busca",
						""
					],
					"query": [
						{
							"key": "busca",
							"value": "matematica"
						}
					]
				}
			},
			"response": []
		},
		{
			"name": "disciplina por nome - sem query",
			"request": {
				"method": "GET",
				"header": [],
				"body": {
					"mode": "raw",
					"raw": ""
				},
				"url": {
					"raw": "http://localhost:5000/disciplina/busca/",
					"protocol": "http",
					"host": [
						"localhost"
					],
					"port": "5000",
					"path": [
						"disciplina",
						"busca",
						""
					]
				}
			},
			"response": []
		},
		{
			"name": "adiciona aluno na disciplina",
			"request": {
				"method": "PUT",
				"header": [
					{
						"key": "Content-Type",
						"value": "application/json"
					}
				],
				"body": {
					"mode": "raw",
					"raw": "{\n\t\"id_aluno\": 1\n}"
				},
				"url": {
					"raw": "http://localhost:5000/disciplina/2/adiciona_aluno",
					"protocol": "http",
					"host": [
						"localhost"
					],
					"port": "5000",
					"path": [
						"disciplina",
						"2",
						"adiciona_aluno"
					]
				}
			},
			"response": []
		}
	]
}